url,label
https://www.google.com,0
https://www.facebook.com,0
https://www.github.com,0
https://www.microsoft.com,0
https://www.apple.com,0
https://www.amazon.com,0
https://www.netflix.com,0
https://www.linkedin.com,0
https://www.twitter.com,0
https://www.wikipedia.org,0
https://www.reddit.com,0
https://www.stackoverflow.com,0
https://www.python.org,0
https://www.pypi.org,0
https://www.npmjs.com,0
https://www.cloudflare.com,0
https://www.digitalocean.com,0
https://www.stripe.com,0
https://www.paypal.com/us/home,0
https://www.youtube.com,0
https://mail.google.com/mail,0
https://outlook.live.com,0
https://www.dropbox.com,0
https://slack.com,0
https://www.zoom.us,0
https://docs.google.com,0
https://drive.google.com,0
https://www.adobe.com,0
https://www.salesforce.com,0
https://www.shopify.com,0
https://pages.github.com,0
https://azure.microsoft.com,0
https://aws.amazon.com,0
https://cloud.google.com,0
https://www.ibm.com,0
https://www.oracle.com,0
https://www.cisco.com,0
https://www.vmware.com,0
https://www.docker.com,0
https://kubernetes.io,0
https://www.elastic.co,0
https://www.mongodb.com,0
https://www.postgresql.org,0
https://react.dev,0
https://vuejs.org,0
https://angular.io,0
https://www.rust-lang.org,0
https://golang.org,0
https://www.swift.org,0
https://www.java.com,0
http://192.168.1.1/paypal-login/verify-account,1
http://faceb00k-login.secure-verify.tk/auth,1
http://g00gle.com-secure-login.ml/signin,1
http://amaz0n-order-verify.ga/update-billing,1
http://micros0ft-365-login.cf/oauth/token,1
http://apple-id-verify.gq/account/unlock,1
http://netfl1x-payment-update.xyz/billing,1
http://paypa1-secure-confirm.pw/webscr,1
http://1nstagram-verify.top/login,1
http://linkedln-profile-update.cc/auth/sso,1
http://secure-bankofamerica-login.club/verify,1
http://wells-fargo-account-alert.work/confirm,1
http://chase-bank-verify.buzz/login.php,1
http://citibank-urgent-update.icu/secure,1
http://hsbc-online-verify.cam/authenticate,1
http://dropbox-share-document.surf/login,1
http://docusign-review-document.link/auth,1
http://adobe-cloud-verify.click/signin,1
http://icloud-unlock-account.info/verify,1
http://outlook-password-expire.biz/login,1
http://192.168.0.50/account-verify/login.html,1
http://10.0.0.1/secure/update-password.php,1
http://172.16.0.100/webmail/login/verify,1
http://phishing-test.example.tk/free-prize-winner,1
http://verify-your-account-now.ml/urgent-action,1
http://security-alert-update.ga/confirm-identity,1
http://account-suspended-verify.cf/unlock-now,1
http://free-gift-card-winner.gq/claim-reward,1
http://bitcoin-wallet-verify.xyz/recover-funds,1
http://crypto-exchange-login.top/auth/token,1
http://tax-refund-verify.pw/irs-update,1
http://covid-relief-payment.cc/verify-ssn,1
http://package-delivery-update.club/fedex-login,1
http://lottery-winner-confirm.work/claim,1
http://tech-support-microsoft.buzz/remote-fix,1
http://virus-alert-scan-now.icu/download,1
http://dating-profile-verify.cam/login,1
http://social-media-hack.surf/recover-password,1
http://streaming-account-update.link/billing,1
http://food-delivery-refund.click/confirm,1
http://travel-booking-verify.info/payment,1
http://insurance-claim-update.biz/verify,1
http://edu-scholarship-verify.online/apply,1
http://fake-bank-login.example.tk/confirm-identity,1
http://update-your-billing-info.ml/paypal-verify,1
http://suspicious-activity-alert.ga/account-lock,1
http://reset-password-now.cf/urgent,1
http://prize-winner-notification.gq/claim-free,1
http://secure-document-review.xyz/sign-in,1
http://account-verify-required.top/update,1
http://wallet-recovery-service.pw/unlock,1
http://order-shipment-track.cc/login-verify,1
http://subscription-renew-alert.club/billing-update,1
http://thuralinhtut.com,1
http://faceb00k.com,1